{"cameraMode":{"drawMode":0,"name":"Shaded","section":"Shading Mode"},"sceneLighting":false,"audioPlay":false,"sceneViewState":{"showFog":true,"showMaterialUpdate":true,"showSkybox":true,"showFlares":true,"showImageEffects":true,"showParticleSystems":true},"in2DMode":false,"pivot":{"x":-0.544952392578125,"y":0.5908203125,"z":-0.11785888671875},"rotation":{"x":-0.13751894235610963,"y":-0.024945536628365518,"z":-0.0034552456345409157,"w":0.9901823997497559},"size":2.7188291549682619,"orthographic":true}