{"cameraMode":{"drawMode":0,"name":"Shaded","section":"Shading Mode"},"sceneLighting":true,"audioPlay":false,"sceneViewState":{"showFog":true,"showMaterialUpdate":true,"showSkybox":true,"showFlares":true,"showImageEffects":true,"showParticleSystems":true},"in2DMode":false,"pivot":{"x":17.412405014038087,"y":1.0548095703125,"z":49.556190490722659},"rotation":{"x":-0.169969841837883,"y":0.07589461654424668,"z":-0.013126231729984284,"w":-0.9824516177177429},"size":109.13672637939453,"orthographic":false}