{"cameraMode":{"drawMode":0,"name":"Shaded","section":"Shading Mode"},"sceneLighting":true,"audioPlay":false,"sceneViewState":{"showFog":true,"showMaterialUpdate":true,"showSkybox":true,"showFlares":true,"showImageEffects":true,"showParticleSystems":true},"in2DMode":false,"pivot":{"x":14.51826286315918,"y":-21.828777313232423,"z":31.332265853881837},"rotation":{"x":-0.4099433720111847,"y":-0.2344462275505066,"z":0.10989243537187576,"w":-0.8746075630187988},"size":96.00749969482422,"orthographic":false}