{"cameraMode":{"drawMode":0,"name":"Shaded","section":"Shading Mode"},"sceneLighting":true,"audioPlay":false,"sceneViewState":{"showFog":true,"showMaterialUpdate":true,"showSkybox":true,"showFlares":true,"showImageEffects":true,"showParticleSystems":true},"in2DMode":false,"pivot":{"x":50.487308502197269,"y":3.7353129386901857,"z":-1.743383526802063},"rotation":{"x":0.18573230504989625,"y":-0.7578050494194031,"z":0.24441465735435487,"w":0.5758357644081116},"size":22.0,"orthographic":false}